"poster_id","username","posts","avatar"
2,"McCarver",11426,"2_1473843265.jpg"
153,"Jasper",4771,"153_1473843266.jpg"
28,"BgSurfer",3417,"28_1473843265.jpg"
64,"BryceAZ",2648,"64_1473843266.jpg"
35,"etchy6",2560,"35_1473843265.jpg"
134,"Jimmy Chaos",2559,"134_1473843266.jpg"
1181,"Brennig",2452,"1181_1473843268.png"
25,"Ian@KentATB",2409,"25_1473843265.gif"
151,"leapb4ulook",2202,"151_1473843266.jpg"
54,"The 6th degree",1751,"54_1473843265.jpg"
4877,"Ben",1708,"4877_1473843266.jpg"
10,"Mikael",1584,"10_1473843266.jpg"
76,"belac",1435,"76_1473843267.jpg"
4,"Raoul Duke",1379,"4_1473843265.jpg"
821,"buggley",1260,"821_1473843267.bmp"
63,"stlmtboarder",1152,"63_1473843266.jpg"
532,"Travis",1064,"532_1473843267.png"
104,"Alan_RTH",1023,"104_1473843266.jpg"
58,"Jhammo52",947,"58_1473843265.jpg"
52,"parkerbomar",920,"52_1473843265.bmp"
1668,"Wyoming Adrenaline Junkie",919,"1668_1473843267.jpg"
171,"GoofyMark",861,"171_1473843266.jpg"
41,"Mutley",821,"41_1473843265.jpg"
184,"DirtDave",803,"184_1473843265.jpg"
344,"pd2h",792,"344_1473843266.jpg"
49,"BDirthead",788,"49_1473843266.gif"
124,"stylezofnz",785,"124_1473843266.jpg"
591,"evilc",760,"591_1473843267.gif"
190,"ade_mcc",752,"190_1473843266.jpg"
29,"shaker",747,"29_1473843266.jpg"
313,"indigo_wolf",690,"313_1473843266.jpg"
686,"TylerStartin",654,"686_1473843267.jpg"
5227,"mario64",596,"5227_1473843267.gif"
456,"OldDirtyBastard",595,"456_1473843266.gif"
367,"Marvin",586,""
511,"LivEviL",584,"511_1473843267.jpg"
5292,"Felix_the_Gat",551,""
324,"follysurfer",517,"324_1473843266.jpg"
478,"pigryder",460,"478_1473843267.jpg"
5616,"markbrosnan78",439,"5616_1473843268.jpg"
39,"Lord Banks",433,"39_1473843265.gif"
994,"nimrod",418,"994_1473843267.jpg"
601,"NotTodayGuys",381,"601_1473843266.jpg"
281,"Dunstan",380,"281_1473843266.jpg"
985,"Michael",379,"985_1473843267.jpg"
434,"Kaz",364,"434_1473843267.jpg"
47,"Devin Garland",360,"47_1473843266.jpg"
1192,"russellj447",356,"1192_1473843267.jpg"
13,"PURE63",353,"13_1473843266.jpg"
541,"Damn Close",350,"541_1473843267.jpg"
7495,"hens162",330,"7495_1473843268.jpg"
293,"Cloned",329,"293_1473843266.jpg"
1178,"tom",326,"1178_1473843266.png"
9765,"snowmonco",326,"9765_1473843268.jpg"
200,"angrysurfer",322,"200_1473843266.jpg"
56,"colton",314,"56_1473843267.jpg"
398,"Redwall",309,"398_1473843267.jpg"
376,"Roger knockhill",307,"376_1473843268.jpg"
175,"doned",304,"175_1473843266.jpg"
551,"saul",302,"551_1473843267.jpg"
94,"MarcATB",292,"94_1473843268.jpg"
542,"fenboy",291,"542_1473843267.jpg"
42,"Rich Sykes",288,"42_1473843266.jpg"
105,"oscar",282,"105_1473843266.jpg"
305,"sk8norcal",275,"305_1473843268.gif"
60,"Jack",269,"60_1473843266.jpg"
192,"OhGee",264,"192_1473843266.jpg"
161,"DirtDemon777",263,"161_1473843266.jpg"
169,"Flexboardz",252,""
129,"*WiL*",252,"129_1473843266.jpg"
198,"Jockass Dave",249,"198_1473843266.jpg"
491,"toddalaar",245,"491_1473843267.jpg"
3663,"Kiwy",240,"3663_1473843268.jpeg"
9368,"Doc75",239,""
12401,"mbsrider",237,""
1534,"lilmoyse",231,"1534_1473843268.jpg"
186,"Pume",225,"186_1473843265.jpg"
45,"DirtStar Army",224,"45_1473843267.jpg"
234,"Warg",223,"234_1473843267.gif"
12738,"Daleyg3",220,"12738_1473843268.jpg"
1332,"Tom's 180's",218,""
1065,"Tornado",215,"1065_1473843268.jpg"
11956,"WSG7",214,"11956_1473843268.png"
1333,"Alex's Phat Wheelz",213,""
508,"nick34090",213,"508_1473843267.gif"
486,"sir seymour",208,"486_1473843267.jpg"
540,"Dr. Shred",200,"540_1473843267.jpg"
113,"Eric Briner",197,"113_1473843266.png"
22,"Josh",194,"22_1473843265.jpg"
3352,"Tony Retro",191,"3352_1473843266.jpg"
164,"OchoCinco",183,"164_1473843266.jpg"
112,"ieuan",174,"112_1473843265.jpg"
517,"eddie4x",168,"517_1473843268.png"
5279,"Erich",168,"5279_1473843268.jpg"
12794,"barxx",163,"12794_1473843268.jpg"
1462,"jondextan",161,""
65,"PBJ",159,"65_1473843266.jpg"
120,"Marshall77",159,"120_1473843266.jpg"
373,"Jake",153,"373_1473843267.jpg"
1022,"joshpit2003",150,""
12296,"_Kryten_",149,"12296_1473843268.jpg"
503,"ridebmx",149,""
751,"JoshuaBonora",147,""
781,"HumboldtRc",145,"781_1473843268.jpg"
8460,"wayne74",143,"8460_1473843267.png"
333,"MikeCole",140,""
976,"Demonseed",137,"976_1473843267.jpg"
211,"stomp",132,"211_1473843267.jpg"
140,"Outlaw_Dragon72",131,"140_1473843266.jpg"
135,"Mr.Freeman",130,""
2612,"Montana Rider",128,"2612_1473843268.jpg"
454,"NosOnBoard",128,"454_1473843267.jpg"
663,"Dave",127,""
73,"Matt_Brind",120,""
339,"Azik",117,"339_1473843267.jpg"
1290,"Emlyn Bainbridge",117,""
71,"emkorec",116,"71_1473843266.jpg"
1051,"CowboyDan",115,"1051_1473843267.jpg"
13485,"Gaz",113,"13485_1473843268.jpg"
125,"Ali",112,"125_1473843266.jpg"
10996,"david0241",110,"10996_1473843267.jpg"
8173,"OldSchoolH8",107,"8173_1473843268.jpg"
277,"The ArKangeL",106,"277_1473843266.jpg"
336,"iRide95",105,""
121,"DylanWARREN.",105,"121_1473843266.jpg"
304,"FloRider",103,"304_1473843266.jpg"
2233,"08warnestorm",102,"2233_1473843268.jpg"
783,"Craig",99,"783_1473843267.gif"
364,"akonikama",98,"364_1473843266.jpg"
8781,"Nick",97,""
147,"lewiss",95,"147_1473843266.jpg"
671,"Diamond",95,"671_1473843267.jpg"
390,"gu5t",91,""
7849,"SpinDR",90,"7849_1473843268.jpg"
659,"Bucket",88,""
417,"Sam_",87,"417_1473843267.jpg"
914,"Polloki",83,"914_1473843267.jpg"
1186,"Core 8",82,""
1471,"Yosser",80,"1471_1473843268.jpg"
6050,"sk8aseth",80,""
68,"DBBuzzkiller94",80,"68_1473843266.jpg"
255,"mashup",79,"255_1473843266.jpg"
396,"bigbrudda84",77,""
3,"DirtBlogger",77,"3_1473843265.jpg"
1014,"jono1987",75,"1014_1473843267.jpg"
2131,"surrey7",73,""
5556,"theosnw",72,""
6,"crawl666",71,""
14707,"fuzebox",71,"14707_1473843265.jpg"
374,"Ryan",69,"374_1473843265.jpg"
600,"Skaterdre",67,"600_1473843265.jpg"
495,"Thanks96",64,""
4839,"walker",63,"4839_1473843268.jpg"
257,"Lucy",62,"257_1473843266.jpg"
8616,"Petridis999",58,"8616_1473843267.jpg"
176,"Hobo Boarder",56,"176_1473843267.jpg"
13293,"concretejungle",54,"13293_1473843267.jpg"
9660,"Pro",54,""
6641,"Casualwalnut",54,"6641_1473843268.jpg"
16,"Rastarocket06",53,"16_1473843266.bmp"
12627,"Dogwalker",53,"12627_1473843268.png"
423,"Joe Gat",52,"423_1473843268.jpg"
352,"Goannaman",51,"352_1473843267.jpg"
143,"Buffalo",50,"143_1473843266.jpeg"
2957,"Waterpolo14",49,""
7729,"radface",49,"7729_1473843268.jpg"
11975,"ZeroPoint",48,""
683,"Lance",48,""
53,"Hunty",48,"53_1473843267.jpg"
1173,"DJ Fraxxure",47,""
322,"DoubleD",47,"322_1473843266.jpg"
8,"KrazyCat",46,"8_1473843265.jpg"
424,"skully",46,""
1237,"Ginger Mark",46,"1237_1473843267.png"
14370,"jackinator",45,""
407,"walkabout",45,""
40,"hank",45,""
9773,"Gavanyon",45,""
69,"Tim",45,""
1258,"FlowRida",45,"1258_1473843267.jpg"
848,"gravity",45,""
4374,"Ryker Gro.",44,""
13225,"Chedder",44,""
141,"Zee",44,"141_1473843266.gif"
464,"silver shredder",43,""
127,"HBOMB",41,"127_1473843267.jpg"
5368,"AAAkings",39,""
7095,"Ceej",38,""
12663,"DamoH",38,"12663_1473843268.jpg"
368,"slowpoke",38,"368_1473843266.jpg"
681,"snokoo",38,""
736,"rbatb22",37,"736_1473843267.jpg"
101,"Paul Taylor",37,"101_1473843265.jpg"
345,"Guillermo",37,"345_1473843266.jpg"
4183,"shaggs2riches",37,""
8579,"pure7865",37,""
57,"CaptainBritain",36,"57_1473843268.jpg"
520,"Joeschmofo",36,"520_1473843265.jpg"
1473,"jay broken doll",36,""
1161,"shotyrocks123",35,"1161_1473843267.jpg"
428,"yeboing",35,"428_1473843267.png"
14365,"Cmac_spartan",34,""
14548,"varun",34,""
55,"A1ex",33,""
998,"Matt Curran",33,""
12479,"Hero-Boarding",33,"12479_1473843268.jpg"
1453,"Chris James",33,"1453_1473843267.jpg"
1175,"SLATER_Trampa",31,""
271,"boniracing15",31,"271_1473843266.jpg"
109,"SGmtnboard",31,"109_1473843266.jpg"
460,"rockwell38",31,""
1072,"Boneboarder",30,""
1044,"NodRog",30,""
753,"maxxdout",29,"753_1473843267.png"
386,"sampillar",29,""
1357,"Martin",29,"1357_1473843267.jpg"
611,"swifty",29,"611_1473843266.jpg"
230,"Millyboarder",28,"230_1473843266.jpg"
514,"73NDP",28,""
1642,"Brewers12",27,"1642_1473843266.jpg"
1495,"duckduckgoose",27,""
12242,"shortlineflyer",26,""
12648,"mt head",26,""
653,"Christian",26,""
67,"SaintBrodie",26,"67_1473843266.jpg"
375,"mtnbrdr",25,""
106,"BOBBY XBP",25,"106_1473843265.jpg"
12969,"chrischabot81",25,""
897,"munk",24,"897_1473843268.png"
1885,"bassist21685",24,""
682,"ATB_Rider",24,""
426,"style_robot",24,""
1375,"ride_wv",24,""
1411,"TheGreenMachine",24,"1411_1473843267.jpg"
515,"AndyD",23,"515_1473843267.jpg"
37,"DaddyYo",23,"37_1473843266.jpg"
287,"dirtpie",23,""
14546,"seemakm",23,""
117,"Morkintosh",23,""
245,"Sandybritches",23,"245_1473843266.jpg"
1172,"Snowman",22,""
14375,"KmBn",22,""
14544,"karankasyup",22,""
13068,"DrSkaCtopus",22,""
443,"Gussy",21,""
487,"Tedward",21,""
14686,"paragon",21,""
8094,"colorado08",21,""
1348,"drdirtsufer",21,""
14094,"kitemechanics",21,""
244,"bruncase",21,"244_1473843266.jpg"
196,"KurlyQ",21,"196_1473843266.jpg"
362,"RogerCat",20,"362_1473843266.jpg"
13330,"lone_deranger",20,""
14542,"dollymehta",20,""
11958,"alannajax",20,"11958_1473843266.png"
360,"Thomathy",19,"360_1473843267.jpg"
882,"m1takus",19,""
13753,"Bill",19,""
6045,"Zenolijo",19,""
6110,"questionesse",19,""
50,"loggy",19,"50_1473843266.jpg"
725,"John_Hummer",18,""
999,"GeorgeTeamBad",18,"999_1473843267.jpg"
1077,"Dirtbiker525",18,""
445,"Adam",18,""
413,"Macka",18,"413_1473843267.jpg"
13174,"OoEy",18,""
14359,"gum-nuts",18,"14359_1473843268.jpg"
866,"dirtcorner",17,""
1313,"Skull911",17,""
746,"IrieRider",17,"746_1473843266.jpg"
149,"whitelightning",17,"149_1473843266.jpg"
1155,"Tracey",17,""
392,"dant106",17,""
2033,"GeraldP",17,"2033_1473843268.jpg"
11954,"wodin_uk",17,""
5524,"all1by",17,""
12393,"Stevieb",17,""
809,"robbie",17,""
1499,"Joker",17,""
14189,"bob_mullis",17,""
6259,"snomon",17,""
159,"Juice",17,""
548,"bdl51",17,""
430,"rhysbfc",17,""
254,"Phriller",16,""
1309,"generotti21",16,""
202,"GI-NATION",16,"202_1473843266.jpg"
7292,"aguzmanballen",16,""
130,"atbjunkies",16,""
14300,"daxmatt",16,""
920,"Boardwithlife",16,""
341,"Chema",16,"341_1473843266.jpg"
425,"DirtinSD",16,""
188,"Jay",16,"188_1473843266.jpg"
14672,"camcap",16,""
7764,"Tempo",16,""
11032,"dirt_warrior",16,""
14507,"a-k-m",16,""
479,"dyad_rider",16,"479_1473843267.jpg"
7891,"twchambers",15,""
9506,"TKDwhimp",15,""
14596,"Kristian",15,"14596_1473843267.jpg"
4511,"1976andy",15,"4511_1473843268.jpg"
973,"NJLandboarder",15,""
14108,"Benobeone",15,"14108_1473843267.png"
114,"boarder bear",15,"114_1473843266.jpg"
604,"Ken",15,""
142,"Banovic",15,""
560,"ricky",15,""
1311,"Mat L-P",14,""
576,"jasonrfink",14,""
8399,"Mr_Wobble",14,""
14033,"JamieA",14,""
8811,"Devyn",14,""
13798,"SomeNewbGuy",14,""
14179,"kyleveee",14,""
1106,"Wheatless",14,"1106_1473843267.jpg"
3893,"AndreiM",14,""
12714,"Konrad",14,""
1395,"Jack_Johnston",14,""
12763,"Spooky1",14,""
13632,"aklahr",14,""
13083,"Moonpig",13,""
14212,"mtanzy913",13,""
646,"m47kevin",13,""
14264,"tatumvay",13,""
651,"hlshakey",13,""
523,"Devilwoman",13,"523_1473843267.jpg"
12132,"Allthingsextreme",13,"12132_1473843267.jpg"
8906,"Aztech",13,""
14081,"Coastriders",13,""
369,"dstolman",13,""
1029,"PhatBoy",13,""
13560,"PingaAus",13,""
46,"Betales",13,"46_1473843265.jpg"
377,"Justin",13,"377_1473843267.png"
498,"RichardBlank",13,""
1958,"Dirt Puff",13,"1958_1473843266.jpg"
4827,"sawdustsam",13,""
150,"Bigair777",13,"150_1473843267.jpg"
6180,"DirtDiva",13,""
7790,"Trigga",13,""
5572,"Howie",13,""
6624,"Haggis",13,"6624_1473843268.jpg"
433,"SnakeyJ",12,""
7,"jmonkda",12,"7_1473843265.jpg"
14165,"themattsavage",12,""
267,"Disastro",12,"267_1473843266.bmp"
12500,"DirtHead",12,""
444,"Chud777",12,""
3407,"Flyguy0101",12,""
1094,"nd0586",12,""
10188,"joshman108",12,""
14287,"JackHMcD",12,""
1338,"Unit M",12,""
18,"pirestyle",12,""
12929,"metalheadman",12,""
14538,"tornadoB",12,""
13332,"joebobloop",12,""
8179,"josephj",12,""
930,"Jon Bisson",12,""
12709,"dirtboarderjd",12,""
5033,"lil_rich",12,""
4290,"cj d.",12,""
354,"Vita Activa",12,""
13991,"yugga",11,""
403,"Rufus",11,"403_1473843266.jpg"
10062,"Gnarboards",11,""
14263,"akdirt907",11,""
7966,"arizonachris",11,""
599,"jmillar",11,""
901,"Theo",11,""
10314,"cn60",11,""
1905,"Beezer",11,""
14616,"ozboard",11,""
14703,"Joe'snewboard",11,""
4082,"Buckland2011",11,""
13955,"riotboardsports",11,"13955_1473843268.jpg"
1536,"penslinger",11,""
12451,"mpb",10,""
8386,"Pnut",10,""
6802,"Rez",10,""
10042,"JonRed",10,""
482,"zh4k",10,""
13105,"bennett326",10,""
14168,"Beet",10,""
61,"Joao Correia",10,""
8424,"Mandrews",10,""
279,"Kalonic",10,""
536,"Crofty",10,"536_1473843267.tiff"
178,"MBS Kenny",10,"178_1473843266.jpg"
11913,"Mat",10,""
14388,"rofer",10,""
1107,"Waterboy",10,""
9017,"chizzel",10,""
133,"Scabs",10,""
949,"isaaaaaaaacc",10,""
11947,"lvsenon",10,""
14343,"zigzag",10,""
12613,"Vikitor",10,""
14131,"MrRocketman",10,""
810,"matt",10,""
14677,"AndreD.",10,""
6417,"Mustard",10,""
1285,"ethan",10,""
12223,"CHAINMAILLEKID",10,""
1071,"dawid10250",9,""
88,"captainboard",9,""
519,"Night Hawk",9,""
89,"sopecreek",9,""
5203,"Qroberts7",9,""
3291,"sp4cem0nkey",9,""
8407,"Slatewater",9,""
10142,"OAndrews",9,""
490,"nebulousdeertrails",9,""
12023,"William dent",9,""
12589,"scott3",9,""
13882,"daisy23",9,""
12687,"KitChase",9,""
1230,"Daf Price",9,""
500,"Longboarder",9,""
1987,"JByrd12",9,""
12948,"xxxJakkxxx",9,""
48,"Roughrider",9,""
294,"DaytonaJoe",9,""
457,"belly",9,""
122,"KemoJones",8,""
9974,"spenna",8,""
1073,"Scotch",8,""
210,"EyeRyde",8,""
7976,"mrderekcu",8,""
12681,"MattD947",8,""
12933,"Sophie",8,""
1213,"Lego",8,"1213_1473843268.jpg"
394,"Get2Ridin",8,""
716,"pixel",7,""
14630,"LA mountainboarder",7,""
5617,"JayFresh",7,""
8394,"madebahr",7,""
1015,"gingerbread",7,""
14171,"Wolfie65",7,""
1747,"jmmy.cnnll",7,""
13317,"Gabris",7,""
12017,"bogiey",7,""
9732,"Rie7",7,""
10235,"ejacobsuk",7,""
7323,"Paddywaddy",7,""
12667,"Gary Crowhurst",7,""
19,"sebew",7,""
14702,"FreshOnTheDirt96",7,""
1040,"Mistol en Vena",7,""
12392,"Hillbillyog",7,""
238,"mtb_ben",7,"238_1473843265.jpg"
14120,"paul",7,""
10936,"Coldflamer",7,""
705,"phill_holmes",7,""
8336,"JoshThen00b",7,""
9973,"vegas559",7,""
166,"chickitychinathechinesechicken",6,""
636,"Hassleham",6,""
638,"francesco rosini",6,"638_1473843267.jpg"
14369,"GSmith",6,""
13722,"joetherubbersoul",6,""
483,"Richard",6,""
1447,"Martyn",6,""
11900,"LarsSWE",6,"11900_1473843267.jpg"
5878,"lmoaks",6,""
408,"dervisher",6,""
14687,"George_T",6,""
7311,"Esteban!!!",6,""
8088,"Stetson05",6,""
12577,"BigAsia",6,""
13820,"sc308",6,""
414,"kenzie3131",6,""
228,"projectdoc.co.uk",6,""
3779,"Chaz",6,"3779_1473843266.jpg"
9758,"nosnowski",6,""
1150,"wotsit4",6,""
6073,"juiceyou321",6,""
10403,"flanners",6,""
14335,"thesloth",6,""
2027,"kimba",6,""
8201,"jimba",6,""
1047,"erislocker",6,""
12620,"n00bly",6,""
9951,"Sosh",6,""
5040,"JamesCooke",5,""
13430,"jukeit",5,""
13661,"boardyboard",5,""
626,"Emmeline",5,""
5041,"Gustis",5,""
13999,"Dirt rider",5,""
36,"cut-paste-hero",5,"36_1473843265.jpg"
5627,"LittleDirtyDiapers",5,""
14159,"heather",5,""
12468,"BlueZulu",5,""
123,"Exia84",5,""
12855,"Bic",5,""
1317,"deruiterwill",5,""
12302,"Hellnferno",5,""
5802,"VAV.SI",5,""
1087,"msorrels",5,""
754,"gore34",5,"754_1473843267.jpg"
14654,"SCRAMBOARDS",5,""
1025,"jobryan",5,""
501,"Bilberry",5,""
7684,"kayden",5,""
1166,"Dave588",5,""
13586,"dawidrz",5,""
242,"Rock Biter",5,"242_1473843266.jpg"
10838,"dirt4dinner",5,""
12195,"ETDMC",5,""
189,"SnowKing",5,"189_1473843266.jpg"
14441,"Darren Hall",5,""
427,"Trek",5,""
4217,"iena",5,""
9886,"Clea23",5,""
14191,"brywisco",5,""
1537,"chrisfromessex101",5,""
11971,"muddyoatcake",4,""
872,"Hstanford",4,""
8732,"RexCor",4,""
5077,"ACS",4,""
13478,"Russellydt",4,""
1688,"Bobby",4,""
12324,"Icolbowca",4,""
12005,"Thompy",4,""
126,"harith",4,""
331,"Chaox",4,""
13514,"Deanboy66",4,""
1880,"Mountainboarding Slovenia",4,""
1466,"mbsdude",4,""
14182,"Windman",4,""
8491,"harryseaton",4,""
1346,"Ssasho0",4,""
14389,"Chuck Noland",4,""
453,"carlosthejackal",4,""
8515,"Arron",4,""
4614,"trentfred",4,""
14323,"kwdrysdale",4,""
1031,"superman",4,""
11919,"Ashwoodcock",4,""
1478,"lioninacoma",4,""
387,"Crutans",4,""
544,"Kari-gnar",4,"544_1473843267.jpg"
24,"surfingwater",4,"24_1473843265.jpg"
14408,"Talonnz",4,""
9834,"craiggriggs",4,""
14671,"BeardedBuffa",4,""
295,"The Real Joe Dickson",4,""
546,"BugsBoarding",4,""
9835,"elTzimmy",4,""
13248,"madmike",4,""
13982,"Neets",4,""
72,"goof65",4,""
14622,"THEDOMinator",4,""
12631,"franrockz",4,""
7829,"Blind By Hand",4,""
30,"antijondiurbaleague",4,""
356,"dirthurts",4,""
6769,"Rugged Jon Woodland",3,""
399,"bluebirds",3,""
1437,"c allen tas",3,""
564,"boardertucker",3,""
481,"brushboard",3,""
14224,"Veelox",3,""
11498,"THE HERBALISER",3,""
1438,"Grounddog",3,""
13087,"Bodhi_Tree",3,""
13662,"stumitch",3,""
404,"bulldozer",3,""
1446,"mesh",3,""
11899,"Fingers",3,""
883,"dgdaniel336",3,""
13727,"Bullnachinashop",3,""
7125,"Jakeochsner29",3,""
12888,"Defra",3,""
9596,"gnr",3,""
14530,"davi",3,""
8422,"Webbo",3,""
365,"anisebal",3,""
13802,"taylorgreen",3,""
12138,"harryshotta2103",3,""
1023,"dzida.com",3,""
13321,"truman",3,""
12912,"AidanRTH",3,""
223,"lovejenete",3,""
1182,"kyris",3,""
14288,"Adamlill",3,""
8996,"Jimi S",3,""
5282,"shankster",3,""
14089,"LeeBee",3,""
182,"harrypits",3,""
13133,"goose",3,""
7384,"Brandonimus",3,""
183,"nikgary",3,""
760,"deborahmathise",3,""
291,"ATBaddict",3,""
14611,"gaelen_jones@icloud.com",3,""
5328,"Olibol",3,""
12364,"mustangethan",3,""
780,"busseynova",3,""
111,"Mr Flibble",3,""
12040,"Harrris303",3,""
10409,"stip",3,""
12689,"glogow",3,""
9097,"TomKoR",3,""
23,"DaveCompton",3,""
14402,"earthrider82",3,""
236,"elpadrino",3,"236_1473843266.jpg"
137,"inwoodgod",3,""
9183,"W_sh",3,""
1358,"Banshee Bungee",3,""
5415,"Rukspin",3,""
603,"tomhackins",3,""
1246,"Boostamonte",3,""
8283,"Bonefish68",3,""
13012,"mountainboardmaniac",3,""
346,"f-f-freestyler",3,"346_1473843266.jpg"
2082,"Dirtpunk1991",3,""
9206,"OlmanCR",3,""
607,"milo",3,""
303,"NielegalCrew",3,""
12093,"Alexey Nikonov",3,""
248,"HILLBILLY",3,""
13988,"bkava",3,""
12786,"BadKnob",3,""
9274,"choppywoppywoowoo",3,""
11961,"JayJay",3,""
8362,"muell",3,""
1170,"yuanyelss",3,""
996,"warns123",2,""
13271,"demonrocks",2,""
11263,"asifjahmed",2,""
9313,"bestkiteboarding",2,""
431,"siphre7",2,""
357,"CreHo",2,""
12644,"gh0st",2,""
8700,"Dirtball Darnell",2,""
13281,"Mrpatatomoto",2,""
167,"agriias",2,""
12849,"George2234",2,""
13462,"Aboutime2",2,""
574,"m-mike",2,""
14678,"Peekatew",2,""
1676,"michael68",2,""
6893,"DirtDude",2,""
11754,"Studmufin900",2,""
14001,"Camineet",2,""
3064,"danieltico",2,""
7957,"Rob_M",2,""
317,"ProArtisto",2,""
11976,"Ace876",2,""
5641,"Glowbox",2,""
14527,"flyjump",2,""
1684,"Faceplant",2,""
12650,"PiersSutton",2,""
14590,"lisa",2,""
406,"jDamian13",2,""
9525,"graemepb",2,""
11987,"mowser",2,""
578,"BlackBart",2,""
1177,"ayeitsemily",2,""
10099,"Daren",2,""
12654,"SupaRhinoHotFire",2,""
1322,"joan",2,""
14374,"Richie-",2,""
7970,"Martine",2,""
14651,"chile",2,""
5244,"zynex",2,""
12351,"andretex",2,""
12908,"Ironsider",2,""
14652,"Sabri0125",2,""
5902,"handbaked",2,""
222,"fedrorpet",2,""
8926,"Calvin",2,""
14597,"DavyTee",2,""
3627,"humblbee",2,""
451,"rooweb",2,""
906,"Bprotesto",2,""
12147,"Todd",2,""
13324,"Kainn",2,""
755,"Foundry",2,""
9752,"GWilliams",2,""
14657,"bloweRan",2,""
13523,"robw",2,""
452,"solomike",2,""
14183,"SkatE-Pods",2,""
12583,"ewokswell",2,""
10361,"Chicky",2,""
370,"nk23423",2,""
497,"obie",2,""
14610,"Scott",2,""
14658,"aliy",2,""
14186,"sectownkid",2,""
13162,"red1676",2,""
9058,"tmunro123",2,""
14659,"01ziio6",2,""
13578,"T-bone",2,""
6091,"Pixeldistort",2,""
8544,"gribble",2,""
13180,"MustBEpic",2,""
7676,"nathan",2,""
12378,"Tampra Boarder",2,""
3905,"gadget",2,""
8194,"WMD",2,""
1492,"evilwurm",2,""
10783,"Jayneonaspring",2,""
12182,"TTT",2,""
1042,"LOVERasta",2,""
545,"Lao420",2,""
13948,"gtx",2,""
70,"ppvl",2,""
9188,"sinodira",2,""
13591,"AdamOstridge",2,""
12081,"Rach",2,""
8566,"Wallrat",2,""
14554,"mitch_cham",2,""
977,"bob from calais",2,""
13229,"xburgzx",2,""
4916,"amadeo",2,""
297,"jimmy.reynolds",2,""
13413,"Wanyi Park",2,""
8297,"oats456",2,""
13055,"habnab",2,""
13608,"Ace D",2,""
14759,"stoneburner",2,"14759_1474829477.jpg"
14348,"xBrendy",2,""
714,"Elliot",2,""
9234,"aleshazoid",2,""
13415,"chrisran24",2,""
14139,"elspedo",2,""
12417,"Hicksi",2,""
14494,"SpookyB",2,""
13627,"Wallpag",2,""
14194,"KMcK88",2,""
8591,"Repkit",2,""
5037,"DirtNoob",2,""
715,"LINAR",2,""
1432,"int3gral",2,""
14148,"sam_smith",2,""
12445,"jonnymoose",2,""
4325,"boarder8787",2,""
612,"Cloud9ine",2,""
12643,"Mr.squirreleo",1,""
14563,"Camp Boardjomi",1,""
14777,"death trap",1,""
14363,"pagglesonboard",1,""
14158,"JodyfMelendez",1,""
14510,"Yotes",1,""
14576,"Skirrow",1,""
12253,"Sean",1,""
14638,"nieves",1,""
14525,"arrocco",1,""
14227,"Aqhead",1,""
14577,"shopwise",1,""
14646,"olga",1,""
13464,"busy223",1,""
14684,"Goprohobbit",1,""
12096,"phil@campcarolina.com",1,""
12105,"johnny1991",1,""
13307,"ramolla59",1,""
12873,"hashtag",1,""
14650,"hugo1234",1,""
14529,"Owenbalfe",1,""
13106,"AZ_MTB",1,""
14685,"Hpi-guy",1,""
12119,"keisha008",1,""
14591,"Janash",1,""
13308,"ZeroGravRix",1,""
14057,"Nainaazz",1,""
12514,"does1230",1,""
14274,"paulmikulskis",1,""
12659,"Austen",1,""
11903,"kiterider",1,""
14066,"synshadow",1,""
12568,"RonFabri",1,""
14533,"Micahlev",1,""
11907,"teazgood",1,""
12352,"ATB Sunday",1,""
14385,"JamieFluke",1,""
13515,"crashkg",1,""
12018,"Louisa743",1,""
14535,"guatMartin",1,""
14688,"mark72",1,""
14601,"kenbay",1,""
12356,"Annesley",1,""
14691,"reloc8it",1,""
14693,"deandinore",1,""
13871,"bitco",1,""
12163,"USFlexboardz",1,""
11918,"Tata",1,""
14093,"brenmc",1,""
12361,"Xcorps",1,""
12030,"Brad",1,""
14540,"tortoise",1,""
14701,"dfheezy",1,""
12173,"stacandrew",1,""
14391,"NickReunion",1,""
12935,"jclark2",1,""
12608,"SheWulf",1,""
13890,"wrench",1,""
12179,"roadrash",1,""
13358,"QBinary23",1,""
11922,"Arnovdv",1,""
14095,"Lexluther",1,""
14661,"nainaili",1,""
13580,"James Howlett",1,""
12076,"agova1",1,""
12611,"jrb38",1,""
13183,"Danswear1",1,""
13891,"nicoleromo",1,""
14342,"Kathy1983",1,""
14618,"Longboardluv",1,""
13400,"Groundpenguin",1,""
12079,"jamie",1,""
12612,"ed richardson",1,""
14704,"ballar23",1,""
14619,"OldGrunt",1,""
13411,"ProstoTsar",1,""
12197,"MRSale",1,""
14344,"Jeremy",1,""
14620,"viniciusnl",1,""
14446,"TRCCJohn",1,""
12092,"gazatkins2002",1,""
14558,"andy999",1,""
14561,"Cumbriaaan",1,""
13265,"Horseboarding",1,""
14761,"hbombr",1,""
12232,"JaneAustin",1,""
14627,"JordanR",1,""
13425,"Ziltoid",1,""
13075,"Bec",1,""
14196,"EspectroB",1,""
